[
  {
    "id": "cc17c8b5-c8b8-4267-a1b3-14739e22aa4b",
    "data": [
      {
        "text": "Cost of the shirt?",
        "userDefined": false
      }
    ],
    "isTemplate": false,
    "count": 0,
    "lang": "en",
    "updated": 0
  },
  {
    "id": "ee3ad79c-7052-42a6-a641-003cc67282f3",
    "data": [
      {
        "text": "What\u0027s the price of the shirt?",
        "userDefined": false
      }
    ],
    "isTemplate": false,
    "count": 0,
    "lang": "en",
    "updated": 0
  },
  {
    "id": "6b4e1eac-9797-4c84-9c31-42f6c5baba77",
    "data": [
      {
        "text": "How much is the shirt?",
        "userDefined": false
      }
    ],
    "isTemplate": false,
    "count": 0,
    "lang": "en",
    "updated": 0
  }
]